step,sim_time,env_id,prismz,prismx,RevoluteJoint,q1_left,q1_right,q2_left,q2_right
0,0.0,0,0.0068670027,1.3927377e-09,1.3585817e-16,-9.087016e-17,-1.0393779e-16,-9.045499e-23,1.1789958e-20
